년월,지점,평균기온(℃),최저기온(℃),최고기온(℃)
Oct-07,108,13.9,3.3,25.4
Nov-07,108,5.3,-8.9,21.3
Dec-07,108,-3.9,-20.1,9
Jan-08,108,-3.5,-14.3,6.2
Feb-08,108,-4,-15.8,8.4
Mar-08,108,2.9,-7.4,18.2
Apr-08,108,10.1,-0.7,22.9
May-08,108,14.9,5.2,25.2
Jun-08,108,20.7,11.6,32.4
Jul-08,108,23.5,14.7,32.9
Aug-08,108,24.3,14.8,33.6
Sep-08,108,19.3,9,28.7
Oct-08,108,13.6,-0.3,25.3
Nov-08,108,3.6,-8.6,18.9
Dec-08,108,-0.8,-12.7,11.7
Jan-09,108,-2.5,-13.6,7.6
Feb-09,108,-3.2,-13.2,8.8
Mar-09,108,1.8,-8.7,15.2
Apr-09,108,10.4,-1.6,23.3
May-09,108,15.4,5.7,29.8
Jun-09,108,20.6,11.2,31.7
Jul-09,108,24.6,15.4,31.8
Aug-09,108,25.3,19.8,35.6
Sep-09,108,20.2,10.1,29.5
Oct-09,108,12.2,-0.8,26.5
Nov-09,108,5.2,-7,20.3
Dec-09,108,-3.4,-14.6,11
Jan-10,108,-2.2,-19.9,8
Feb-10,108,-3.4,-19.6,8.3
Mar-10,108,2.5,-8.6,15
Apr-10,108,9.9,-1.8,23
May-10,108,16.3,5.9,31
Jun-10,108,19.8,12.4,31.5
Jul-10,108,23.3,15.9,33.3
Aug-10,108,24.2,16.7,32
Sep-10,108,19.1,10.2,27
Oct-10,108,13.7,1.3,24.1
Nov-10,108,5.5,-8.4,20.2
Dec-10,108,-4.6,-16.8,5.8
Jan-11,108,-5,-21.5,8.8
Feb-11,108,-1.1,-11.2,12.5
Mar-11,108,4,-5.3,19.1
Apr-11,108,9.4,0.3,24.1
May-11,108,15.6,3.7,30
Jun-11,108,20.3,10.7,30.6
Jul-11,108,23.5,16.9,31
Aug-11,108,25,18,34.5
Sep-11,108,20.8,11,32.8
Oct-11,108,11.6,0.1,22.9
Nov-11,108,6,-4.9,15.7
Dec-11,108,-3,-14.9,9.5
Jan-12,108,-4.7,-15.2,5.4
Feb-12,108,1,-9.9,14.7
Mar-12,108,4.1,-6.8,16.3
Apr-12,108,9.8,-2.5,23.1
May-12,108,14.8,4.7,29.7
Jun-12,108,20.7,12.3,30
Jul-12,108,23.8,16,32.2
Aug-12,108,24.6,17.7,34
Sep-12,108,17.7,7.3,32.2
Oct-12,108,11.1,-1.2,25.7
Nov-12,108,1.4,-9.9,16.5
Dec-12,108,-3,-18.6,8.8
Jan-13,108,-5.1,-18.9,6.3
Feb-13,108,-3.7,-19.6,11.5
Mar-13,108,1.9,-12,18.4
Apr-13,108,10.9,0.7,25.6
May-13,108,14.4,5,30
Jun-13,108,20.2,13.3,30.8
Jul-13,108,22.3,13,30.7
Aug-13,108,23.8,14.4,31.7
Sep-13,108,19.3,8,30
Oct-13,108,13,-1,30.1
Nov-13,108,4.9,-8.9,17.6
Dec-13,108,-1.9,-16.9,10.9
Jan-14,108,-2.2,-14,9.2
Feb-14,108,0.5,-10.7,12.3
Mar-14,108,5.2,-4.3,17.1
Apr-14,108,10.5,0.1,24.8
May-14,108,17.3,6.3,29.1
Jun-14,108,21.4,13,35
Jul-14,108,26.1,19.4,35.6
Aug-14,108,25.5,19.2,34.4
Sep-14,108,20.6,9.7,32.4
Oct-14,108,13.7,1.9,24.1
Nov-14,108,6.1,-7,21.1
Dec-14,108,-1,-10.2,14.1
Jan-15,108,-3.9,-21.3,12
Feb-15,108,-2.7,-16.3,11
Mar-15,108,0.6,-14.1,16.7
Apr-15,108,9.4,-2,22.3
May-15,108,15.3,4.1,28.3
Jun-15,108,20.7,14.1,30.5
Jul-15,108,25.1,15.6,33.9
Aug-15,108,24.4,16.3,34.8
Sep-15,108,19.3,9.3,27.9
Oct-15,108,14.7,-1.7,26.8
Nov-15,108,6.2,-6.4,17.8
Dec-15,108,0.8,-12.8,13.5
Jan-16,108,0,-12.5,12.2
Feb-16,108,-0.8,-9.5,12
Mar-16,108,0.4,-10.1,14.2
Apr-16,108,10.5,-3.9,24.2
May-16,108,14.5,3.3,29.7
Jun-16,108,20.1,9.6,32.2
Jul-16,108,23.6,16.3,33.2
Aug-16,108,25.5,16.9,33
Sep-16,108,19.2,6.8,28.2
Oct-16,108,12.7,0.2,22.9
Nov-16,108,6.5,-9.7,23.3
Dec-16,108,-1.4,-19,11.6
Jan-17,108,-9,-21.1,2.9
Feb-17,108,-3.4,-17.6,10.8
Mar-17,108,2.8,-9.5,18.9
Apr-17,108,10.2,-0.3,22.2
May-17,108,14.1,2.4,26.5
Jun-17,108,21.5,9.7,36.7
Jul-17,108,25.7,17.7,36.6
Aug-17,108,24.8,16.4,36.6
Sep-17,108,20,11.1,29.6
Oct-17,108,13.2,-0.4,24.5
Nov-17,108,3.3,-7.6,18.1
Dec-17,108,-5.7,-20.4,10.9
Jan-18,108,-7.5,-21.8,5.6
Feb-18,108,0.1,-11.4,14.4
Mar-18,108,4.3,-6.1,18.9
Apr-18,108,10.9,-0.1,26.3
May-18,108,14.8,4.3,26.8
Jun-18,108,20.1,11.1,31.5
Jul-18,108,23.3,16.1,36.1
Aug-18,108,24.7,17.3,35.2
Sep-18,108,19.2,8.7,29.9
Oct-18,108,12.9,-2.6,25
Nov-18,108,4.6,-6.2,20.4
Dec-18,108,-1.5,-13,9.7
Jan-19,108,-4.7,-17.5,7.2
Feb-19,108,-1.7,-18.3,13.3
Mar-19,108,4.9,-5.9,21
Apr-19,108,10.2,-3.9,22.9
May-19,108,16.1,3.1,28.3
Jun-19,108,21,11.8,30
Jul-19,108,25.6,16.3,35.9
Aug-19,108,26.3,17,37.5
Sep-19,108,19.5,8.6,28.8
Oct-19,108,12.8,-2.2,26.3
Nov-19,108,5.8,-9.3,19.9
Dec-19,108,-2.7,-19.3,8.5
Jan-20,108,-6.8,-22.3,7.5
Feb-20,108,-3.2,-18.5,8.5
Mar-20,108,5.1,-7.8,22.2
Apr-20,108,10.4,-0.2,22.3
May-20,108,17.3,7.7,29.3
Jun-20,108,21.6,12.5,35.6
Jul-20,108,25.2,19.5,34.3
Aug-20,108,25,18,33.6
Sep-20,108,21.1,10.6,33
Oct-20,108,14.7,2.7,25.9
Nov-20,108,7.3,-4.6,21.9
Dec-20,108,-1.2,-18.9,12.9
Jan-21,108,-2.7,-15.3,8.5
Feb-21,108,-1.3,-11.6,9.5
Mar-21,108,3.3,-6.6,17
Apr-21,108,10.9,-0.7,28.3
May-21,108,16.2,5.9,26.7
Jun-21,108,20.1,9.3,32.7
Jul-21,108,24,17.4,32.3
Aug-21,108,25.6,17.3,36
Sep-21,108,19.8,9.8,30.8
Oct-21,108,12.3,-0.5,24
Nov-21,108,3.4,-9.4,17.2
Dec-21,108,-0.7,-13.6,11.7
Jan-22,108,-7.8,-21,4
Feb-22,108,0.7,-17.6,12.4
Mar-22,108,2.7,-10.2,14.5
Apr-22,108,12.3,-0.8,28.4
May-22,108,16,6,32
Jun-22,108,21.7,11,34.5
Jul-22,108,24.1,16.2,34.5
Aug-22,108,25.8,19,36.3
Sep-22,108,20.7,6.2,32.5
Oct-22,108,14.1,1.3,25.2
Nov-22,108,3.5,-11.6,19.1
Dec-22,108,-3.9,-15.7,8.5
Jan-23,108,-5.8,-20.4,4.3
Feb-23,108,-3,-14.1,9.5
Mar-23,108,4.8,-8.2,19.5
Apr-23,108,9.3,-1.3,23
May-23,108,16.6,7.7,27.7
Jun-23,108,20.9,10.1,33
Jul-23,108,24.2,16.5,32.3
Aug-23,108,26.1,19.1,35.9
Sep-23,108,19.4,5.6,30.4
Oct-23,108,12.5,0.4,22.1
Nov-23,108,4.7,-10.9,16.7
Dec-23,108,-2.1,-16.8,8.9
Jan-24,108,-2.5,-18.7,9.2
Feb-24,108,-1.8,-13.2,12.1
Mar-24,108,1.1,-9.6,20.2
Apr-24,108,11.1,-2.8,24.5
May-24,108,16,7.6,26.5
Jun-24,108,21.2,12,33.4
Jul-24,108,25.6,19.3,35.4
Aug-24,108,27,16.7,37.4
Sep-24,108,20.3,8.6,32.4
Oct-24,108,12.6,-4,26.2
Nov-24,108,3.3,-9,16.5
Dec-24,108,-1.6,-14,10.7
Jan-25,108,-4.1,-15.4,6
Feb-25,108,-2.9,-15.2,7.7
Mar-25,108,1.5,-10.3,12.1
Apr-25,108,9.8,-3.3,23
May-25,108,16.1,7.2,29.6
Jun-25,108,20.6,10.6,30.3
Jul-25,108,23.3,14.5,33.7
Aug-25,108,25.2,17.4,33.6
Sep-25,108,19.8,8.1,30
Oct-25,108,13.3,-1.3,23.8
Nov-25,108,7.4,-6.2,18.6
Dec-25,108,-1.4,-17.4,14.1
Jan-26,108,-4.8,-18.6,6.2
Feb-26,108,-2.5,-15.1,7.7
Mar-26,108,3.1,-6.5,19.4
Apr-26,108,9.1,-1.2,20.3
May-26,108,16.7,5.1,25.8
Jun-26,108,20.7,10.3,31.6
Jul-26,108,24.1,15.6,33
Aug-26,108,25.4,18.2,33
Sep-26,108,20.3,9,30
Oct-26,108,11.5,-1.1,23.6
Nov-26,108,6.3,-4.5,17.5
Dec-26,108,-4,-16.9,12.5
Jan-27,108,-4.1,-17.7,11.7
Feb-27,108,-2.9,-14.8,9.7
Mar-27,108,3.4,-7.1,19.3
Apr-27,108,11.7,-1.2,24.8
May-27,108,13.8,4.9,26.9
Jun-27,108,21.2,11.1,33.5
Jul-27,108,25.7,18.5,35
Aug-27,108,25,16.8,33.3
Sep-27,108,19.6,8.2,29.5
Oct-27,108,12.8,0.8,26.6
Nov-27,108,7.7,-4.5,19.9
Dec-27,108,-2,-23.1,10.2
Jan-28,108,-5.2,-22.2,7.9
Feb-28,108,-2.3,-15.1,9.3
Mar-28,108,4.1,-4.9,17.9
Apr-28,108,12.1,0.6,24.3
May-28,108,16.5,5.7,29
Jun-28,108,21.5,12.1,32.2
Jul-28,108,25,18,33.7
Aug-28,108,25.7,17.5,35.2
Sep-28,108,20.3,3.2,31.7
Oct-28,108,12.3,-1.5,25.7
Nov-28,108,5.2,-7.7,18
Dec-28,108,-1.9,-16.3,13.3
Jan-29,108,-4.8,-17.5,7.4
Feb-29,108,-2.8,-17.1,16
Mar-29,108,4.4,-8.8,20.6
Apr-29,108,10.4,-0.3,22.5
May-29,108,16.7,5.9,29.9
Jun-29,108,22.9,13,35.5
Jul-29,108,25.9,18.4,34.2
Aug-29,108,26.2,16.2,36.7
Sep-29,108,18.8,8.6,28.5
Oct-29,108,12.8,-1,28.4
Nov-29,108,4.9,-8.7,17.5
Dec-29,108,1.5,-16.8,14.4
Jan-30,108,-4.5,-17.4,8.6
Feb-30,108,0.9,-11.3,15.8
Mar-30,108,6.3,-3.5,21.1
Apr-30,108,12.5,0.1,24.3
May-30,108,16.7,6,29.5
Jun-30,108,21.4,11,34.2
Jul-30,108,25.5,19.2,35.2
Aug-30,108,26.4,16.4,37.4
Sep-30,108,19.5,7.6,29.1
Oct-30,108,14,3.8,25.5
Nov-30,108,3.1,-8.5,16.8
Dec-30,108,-0.8,-12.5,11
Jan-31,108,-3.9,-22.5,7.4
Feb-31,108,-2.7,-17.8,10.7
Mar-31,108,4.7,-10.7,19.4
Apr-31,108,8.8,-1,21.2
May-31,108,16.3,5.8,28.6
Jun-31,108,21.4,12.5,32.3
Jul-31,108,22.4,15.2,31
Aug-31,108,25,15.2,36
Sep-31,108,20,7.7,31.4
Oct-31,108,11.9,-3,27.7
Nov-31,108,7.7,-7.1,20.2
Dec-31,108,-1,-14.7,12.7
Jan-32,108,-0.6,-12.9,14.4
Feb-32,108,-1.4,-14.1,9.3
Mar-32,108,2.8,-7.8,16.5
Apr-32,108,9.9,-0.4,22.2
May-32,108,17,7,33.5
Jun-32,108,21.7,12.4,32.1
Jul-32,108,25.9,18.8,36.3
Aug-32,108,25.6,17.8,37.2
Sep-32,108,20.2,12.6,29.5
Oct-32,108,12.2,0.3,26.5
Nov-32,108,5.8,-6.5,22.5
Dec-32,108,0.6,-11.4,12.5
Jan-33,108,-6.4,-18.4,6.1
Feb-33,108,-3.7,-14.2,6.6
Mar-33,108,0.6,-12.8,12.5
Apr-33,108,10.2,-0.5,25.5
May-33,108,16.3,4,29
Jun-33,108,20.7,10.6,31.3
Jul-33,108,25.5,19.1,35.9
Aug-33,108,24.1,18,32.5
Sep-33,108,20.1,6.5,30.2
Oct-33,108,13,1.4,25.8
Nov-33,108,5.5,-5,16.3
Dec-33,108,0.4,-10.5,12.7
Jan-34,108,-8.3,-18.7,2.8
Feb-34,108,-2.3,-12.2,5.7
Mar-34,108,2,-9.1,16.3
Apr-34,108,9.1,-1.5,24.8
May-34,108,16.9,4.2,28.6
Jun-34,108,20.2,11.5,31.9
Jul-34,108,23.8,18,31.7
Aug-34,108,24.1,16,33.4
Sep-34,108,19.3,9.5,29
Oct-34,108,11.7,-0.8,23.3
Nov-34,108,4.3,-9.2,14.5
Dec-34,108,0.8,-8.7,9.5
Jan-35,108,-3.2,-13.1,9
Feb-35,108,-0.2,-14.9,16
Mar-35,108,5.1,-4,19.1
Apr-35,108,10.3,-0.9,24.7
May-35,108,16,4.1,30.1
Jun-35,108,20.1,12.4,29.8
Jul-35,108,23.8,17.3,32.6
Aug-35,108,25,16.1,33.5
Sep-35,108,20.3,6.1,33
Oct-35,108,14.6,3.3,25.4
Nov-35,108,6.6,-6,20.2
Dec-35,108,-3.9,-16.9,12.5
Jan-36,108,-8.8,-20.1,3.1
Feb-36,108,-4.4,-17.5,9.2
Mar-36,108,-0.2,-13.7,12
Apr-36,108,9.1,-2,22.5
May-36,108,15.8,6.4,27.4
Jun-36,108,20.7,9.9,32.1
Jul-36,108,23.6,15.6,34.3
Aug-36,108,22.7,16.8,30.7
Sep-36,108,20.1,10,29.7
Oct-36,108,13.2,0.8,24.7
Nov-36,108,5.7,-7.7,17.4
Dec-36,108,-0.5,-9.3,14.6
Jan-37,108,-3.6,-13.2,9.8
Feb-37,108,0.1,-11.7,11
Mar-37,108,3.6,-5.3,18.8
Apr-37,108,10.6,-0.7,26.4
May-37,108,15.8,6.8,26.2
Jun-37,108,21.6,11.4,32.5
Jul-37,108,24.6,16.6,34.4
Aug-37,108,26.7,18.5,35.1
Sep-37,108,20.3,7.3,29.8
Oct-37,108,13.8,-0.5,26.9
Nov-37,108,7.2,-6,22.1
Dec-37,108,-3.9,-16,11.1
Jan-38,108,-6.3,-19,6.3
Feb-38,108,-3.3,-14.3,14.7
Mar-38,108,4.7,-6,19
Apr-38,108,11.4,0.2,27.3
May-38,108,16.5,6.8,30.4
Jun-38,108,20,13.2,32.2
Jul-38,108,25.2,18.2,34.7
Aug-38,108,26.3,19.5,35.6
Sep-38,108,19.3,9.5,32.1
Oct-38,108,15,3.7,27.8
Nov-38,108,4.8,-6.5,19.5
Dec-38,108,-2.3,-15.7,11.8
Jan-39,108,-5.2,-19.6,5.4
Feb-39,108,-2,-16,10.1
Mar-39,108,4.1,-5.2,17.9
Apr-39,108,11.6,-2.7,25.7
May-39,108,15.7,5.1,29.6
Jun-39,108,20.8,12,33.3
Jul-39,108,27.6,17.6,37.7
Aug-39,108,27.5,19.4,38.2
Sep-39,108,21,5.7,35.1
Oct-39,108,14.3,-1.6,29.3
Nov-39,108,5.9,-10.2,20.2
Dec-39,108,-0.9,-13.6,8.6
Jan-40,108,-7.4,-17.7,7
Feb-40,108,-2.3,-13.9,9.2
Mar-40,108,3.7,-7.7,18.2
Apr-40,108,9.7,-0.7,24.1
May-40,108,16.3,3.3,30
Jun-40,108,20.1,10.2,32.5
Jul-40,108,23.4,17.6,33.9
Aug-40,108,24.3,13.5,34.3
Sep-40,108,19.9,9.3,30.2
Oct-40,108,14.7,0.2,28.5
Nov-40,108,6.8,-5.5,25.2
Dec-40,108,-0.2,-10.6,11.8
Jan-41,108,-3.8,-20.4,12.3
Feb-41,108,-2.4,-18.2,10.9
Mar-41,108,3.8,-13,19.3
Apr-41,108,10,-0.9,23.2
May-41,108,16.7,6.2,29.2
Jun-41,108,21.2,13.5,32.7
Jul-41,108,23.7,14.6,34.3
Aug-41,108,23.8,16.1,33.6
Sep-41,108,19.7,10.7,31.1
Oct-41,108,12.9,-1.6,26.9
Nov-41,108,7.7,-8.8,19.6
Dec-41,108,0.4,-13.6,11.4
Jan-42,108,-6.4,-17.9,4.5
Feb-42,108,-3.5,-16.7,11.3
Mar-42,108,5.9,-4.7,18.7
Apr-42,108,9.9,-1.4,26.2
May-42,108,15.3,4.1,30.5
Jun-42,108,22,11.3,34.7
Jul-42,108,26,18.2,36
Aug-42,108,25.4,17.6,34.5
Sep-42,108,20,8.1,32.7
Oct-42,108,12.5,-5.1,27.5
Nov-42,108,4.7,-11.1,21.3
Dec-42,108,-1.2,-15.4,11
Jan-43,108,-6.6,-18.6,11.5
Feb-43,108,-2.4,-15.5,10.8
Mar-43,108,5.4,-4.9,17.5
Apr-43,108,10.6,-1.9,28
May-43,108,16.7,8.9,27.3
Jun-43,108,21.5,11.2,34.2
Jul-43,108,26,17,35.8
Aug-43,108,27.8,15.4,38.2
Sep-43,108,20.9,8.5,33.4
Oct-43,108,13.8,1.8,25.3
Nov-43,108,6.1,-9.2,22.7
Dec-43,108,0,-11.6,14.2
Jan-44,108,-4.3,-16.2,8
Feb-44,108,-2.4,-13.4,9.7
Mar-44,108,3.2,-6.6,18.2
Apr-44,108,9.6,-0.9,23.4
May-44,108,15.9,4.6,29.3
Jun-44,108,21.4,12.3,34.3
Jul-44,108,25.3,15.2,36
Aug-44,108,25.5,15,35.8
Sep-44,108,20.7,10.1,30.5
Oct-44,108,13.5,1.8,25.8
Nov-44,108,7.8,-4.1,23.4
Dec-44,108,-5.7,-15.5,7.2
Jan-45,108,-7.8,-19.1,6.2
Feb-45,108,-4.9,-15.6,11.2
Mar-45,108,2.3,-8.9,14.7
Apr-45,108,11,-1.2,28.9
May-45,108,13.6,2.7,29.2
Jun-45,108,20.1,10.7,31.5
Jul-45,108,23.2,16,32.3
Aug-45,108,25.5,16.5,37
Sep-45,108,21.3,12.6,30
Oct-45,108,13.5,0,25.3
Nov-45,108,8.4,-4.2,21.8
Dec-45,108,-1.7,-14,12.7
Jan-46,108,-3.2,-15.6,10.5
Feb-46,108,-0.7,-12.2,10.5
Mar-46,108,2.5,-10.7,18.6
Apr-46,108,10.9,0.2,27.3
May-46,108,16,6.8,29.8
Jun-46,108,20.9,13.4,32.4
Jul-46,108,25.6,18.4,36.7
Aug-46,108,25.7,18.9,35.5
Sep-46,108,19.9,9.2,30.7
Oct-46,108,13.8,0.4,29.9
Nov-46,108,8.8,-7.3,22.1
Dec-46,108,-4.3,-17,8.7
Jan-47,108,-3.9,-15.1,7.1
Feb-47,108,-5.3,-17.2,8.4
Mar-47,108,1.5,-10.6,16
Apr-47,108,10.5,-1,24.2
May-47,108,15.9,7.2,28.2
Jun-47,108,18.7,10.3,27.5
Jul-47,108,22.9,17,33.1
Aug-47,108,25.1,17,33.5
Sep-47,108,19.6,10.1,29.9
Oct-47,108,11.8,-1.6,24.7
Nov-47,108,3.5,-11.8,17.9
Dec-47,108,-5.4,-17.3,7.1
Jan-48,108,-4.5,-18,10.5
Feb-48,108,-1.4,-15.8,13.7
Mar-48,108,4.7,-6.8,16.8
Apr-48,108,12.5,3.9,25
May-48,108,16,6.4,28.9
Jun-48,108,20.9,9.7,31.1
Jul-48,108,24.3,16.7,32.9
Aug-48,108,25.8,19,34.4
Sep-48,108,20.2,10.2,33.6
Oct-48,108,13.3,-0.8,26.5
Nov-48,108,5.1,-8.7,18.2
Dec-48,108,3.8,-7.7,12.9
Jan-49,108,-3,-14,9.4
Feb-49,108,1.3,-10.1,15.5
Mar-49,108,3.4,-5.4,14.4
Apr-49,108,9.9,0.8,23.8
May-49,108,16.4,6.8,30.6
Jun-49,108,20.5,10.9,36
Jul-49,108,24.8,17,34.1
Aug-49,108,26.1,16.9,37.7
Sep-49,108,20.8,12,31.3
Oct-49,108,13.9,-1.7,25.1
Nov-49,108,7,-7.6,18.9
Dec-49,108,-1.3,-14.9,16.4
Jan-50,108,-1.3,-18,10.1
Feb-50,108,-0.4,-10.5,9.3
Mar-50,108,4.6,-9.3,21.9
Apr-50,108,13.1,1.1,27.8
May-50,108,17.5,7.4,34.4
Jun-50,108,20.8,11.7,32.5
Jul-50,108,26,16.5,36.1
Aug-50,108,26.5,15.2,36.9
Sep-50,108,,,
Oct-50,108,,,
Dec-51,108,,,
Jan-52,108,,,
Feb-52,108,,,
Mar-52,108,,,
Apr-52,108,,,
May-52,108,,,
Jun-52,108,,,
Jul-52,108,,,
Sep-52,108,,,
Oct-52,108,,,
Nov-52,108,,,
Dec-52,108,,,
Jan-53,108,,,
Feb-53,108,,,
Mar-53,108,,,
Apr-53,108,,,
May-53,108,,,
Jun-53,108,,,
Jul-53,108,,,
Aug-53,108,,,
Sep-53,108,,,
Oct-53,108,,,
Nov-53,108,,,
Dec-53,108,0.6,-9.2,16.2
Jan-54,108,-1.5,-11.9,10.7
Feb-54,108,0.4,-13.9,12.2
Mar-54,108,3.1,-7.8,18.2
Apr-54,108,11.8,3,26.8
May-54,108,16.6,7.8,28.6
Jun-54,108,19.6,12.6,30.4
Jul-54,108,21.9,13.6,31.9
Aug-54,108,25.7,16.9,34.3
Sep-54,108,20.3,10.2,30
Oct-54,108,12.5,0.8,25
Nov-54,108,9.5,-2.4,19.1
Dec-54,108,-2.7,-12.5,10.9
Jan-55,108,-5.6,-17.2,5.4
Feb-55,108,-0.1,-14.3,15.1
Mar-55,108,4.4,-4.8,16.2
Apr-55,108,11.1,-2.5,25
May-55,108,15.9,8.2,29
Jun-55,108,21.4,11.2,33.8
Jul-55,108,24.5,17.9,32.8
Aug-55,108,26.2,18.6,35
Sep-55,108,20.7,11,32.3
Oct-55,108,12.6,1.3,27.3
Nov-55,108,5.9,-4.1,18.3
Dec-55,108,0.6,-9.7,12.9
Jan-56,108,-3.9,-15.7,8.7
Feb-56,108,-3.4,-13.1,7.2
Mar-56,108,3.7,-8.5,15.8
Apr-56,108,9.5,1.4,21.4
May-56,108,15.1,6.3,26.7
Jun-56,108,19.7,12.4,31.3
Jul-56,108,24.3,17.5,34.7
Aug-56,108,24.8,15.5,35
Sep-56,108,20.4,7.5,30.3
Oct-56,108,12.8,-1.1,24.9
Nov-56,108,3.2,-8.8,20.6
Dec-56,108,-5.2,-15.1,8.9
Jan-57,108,-3.5,-14.5,6.6
Feb-57,108,-4.3,-17.3,6.2
Mar-57,108,0,-9.5,13.8
Apr-57,108,10.4,-2.7,26.3
May-57,108,16.9,8,29.8
Jun-57,108,20.1,11.8,32.5
Jul-57,108,22.4,17.8,31
Aug-57,108,24.1,16,33.5
Sep-57,108,18.9,6.6,29
Oct-57,108,12.5,-0.4,27.2
Nov-57,108,8.3,-5.8,17.5
Dec-57,108,-0.5,-10.6,9.6
Jan-58,108,-6,-18.2,8.6
Feb-58,108,-0.8,-12.4,14.1
Mar-58,108,3.7,-11.2,21.5
Apr-58,108,10.8,1.3,27.3
May-58,108,16.3,7.3,29.9
Jun-58,108,22.2,13.2,37.2
Jul-58,108,25.6,19.4,34.4
Aug-58,108,23.8,16.2,33.2
Sep-58,108,19.8,6.6,28.8
Oct-58,108,12.7,-1.8,25
Nov-58,108,6.7,-3.3,18.9
Dec-58,108,4,-3.2,12.1
Jan-59,108,-5.1,-19.8,9.8
Feb-59,108,2.4,-8,13.7
Mar-59,108,6,-5,18.2
Apr-59,108,10.2,2,24.2
May-59,108,17.9,9.6,27.6
Jun-59,108,20.4,11.8,31.8
Jul-59,108,24.4,18.7,33.6
Aug-59,108,25.8,18.8,36.2
Sep-59,108,20.8,12.4,30.2
Oct-59,108,14.8,1.9,27.3
Nov-59,108,5.8,-5.5,19.5
Dec-59,108,1.1,-12.9,14.3
Jan-60,108,-3.3,-17,10.8
Feb-60,108,1.7,-8.6,13.7
Mar-60,108,6.7,-5.8,18.1
Apr-60,108,10.6,-0.9,25.3
May-60,108,16.5,6.4,30.2
Jun-60,108,20.6,12.7,31.7
Jul-60,108,24.8,18.6,32.4
Aug-60,108,26.2,17.7,34.4
Sep-60,108,20.8,12.3,31.3
Oct-60,108,15.1,5.4,25.7
Nov-60,108,7.1,-11.2,18
Dec-60,108,-1.8,-16,11.6
Jan-61,108,-5.2,-16.5,5.2
Feb-61,108,-0.9,-14.2,12.7
Mar-61,108,5.4,-4.9,17
Apr-61,108,11.7,0.7,25
May-61,108,17.3,4.2,30.1
Jun-61,108,21.9,13.5,31.2
Jul-61,108,26.2,21.4,34.4
Aug-61,108,26.8,20.8,35.3
Sep-61,108,21.5,10.4,31.7
Oct-61,108,15.6,3.3,25.8
Nov-61,108,8.9,-3.5,20.4
Dec-61,108,-0.6,-12.5,13
Jan-62,108,-3.4,-11.3,7.9
Feb-62,108,-0.7,-10.9,12.5
Mar-62,108,3.2,-6,18.2
Apr-62,108,10,-3.8,23.8
May-62,108,17.6,7.3,30.7
Jun-62,108,21.1,11.2,32.4
Jul-62,108,26.1,17.2,35
Aug-62,108,25.1,19.7,33.1
Sep-62,108,20.3,8.5,29.8
Oct-62,108,13.6,1.5,25.6
Nov-62,108,6.4,-7.7,20.8
Dec-62,108,1.1,-11.5,12.5
Jan-63,108,-9.1,-18.4,1.6
Feb-63,108,-2.4,-12.6,8.2
Mar-63,108,5.5,-3.2,19.2
Apr-63,108,11.4,0.6,22.8
May-63,108,16.9,7.8,29.4
Jun-63,108,21.2,11.9,30.1
Jul-63,108,24.5,18.8,33.1
Aug-63,108,25.7,19.2,33.7
Sep-63,108,20.5,10.4,30.2
Oct-63,108,13.5,2,24.4
Nov-63,108,6.5,-7.2,20.5
Dec-63,108,0.8,-13.2,12.2
Jan-64,108,-0.1,-8.2,10
Feb-64,108,-3.5,-16.2,6.5
Mar-64,108,3.8,-3.4,17.7
Apr-64,108,14.1,0.7,25.4
May-64,108,18.6,8.7,29.2
Jun-64,108,21.6,13.8,33.4
Jul-64,108,24.7,19,33.6
Aug-64,108,26.3,19.2,34.5
Sep-64,108,20.3,11,30
Oct-64,108,13.8,1.1,25.9
Nov-64,108,6.3,-6,15.6
Dec-64,108,0.2,-10.6,12.2
Jan-65,108,-4.2,-18.1,7.4
Feb-65,108,-1.2,-13.6,10.4
Mar-65,108,2.7,-7.4,15.3
Apr-65,108,10.3,-1.3,27
May-65,108,17.3,7.5,31
Jun-65,108,22.1,13.8,34.6
Jul-65,108,24.1,18.4,35.2
Aug-65,108,24.4,19,31
Sep-65,108,20.9,10,31
Oct-65,108,14.8,4.2,29.2
Nov-65,108,7,-5.8,20.8
Dec-65,108,-2,-18.2,12.6
Jan-66,108,-4.6,-18,8.8
Feb-66,108,0.1,-13.6,11.8
Mar-66,108,4.8,-3.4,14
Apr-66,108,11.8,0.2,26.4
May-66,108,18.3,6.6,31.6
Jun-66,108,20.5,9.7,29.8
Jul-66,108,23.6,15.2,31.4
Aug-66,108,26.7,18,34.7
Sep-66,108,19.7,10.4,28.4
Oct-66,108,14.4,0.4,26
Nov-66,108,5.9,-10.7,20.6
Dec-66,108,-3,-15.2,10.6
Jan-67,108,-4.4,-18.4,10.1
Feb-67,108,-2.4,-12,13.3
Mar-67,108,4.8,-6.1,15.9
Apr-67,108,11.8,1.1,25.2
May-67,108,19.3,9.4,29.1
Jun-67,108,21.3,13.6,29.7
Jul-67,108,25.5,17.6,35
Aug-67,108,26.7,21.5,33.6
Sep-67,108,20.7,11.4,31.4
Oct-67,108,14.5,4.8,23.7
Nov-67,108,6.5,-5.2,19.2
Dec-67,108,-4.9,-17.4,6.4
Jan-68,108,-4,-15.1,8.2
Feb-68,108,-4.4,-13.8,12
Mar-68,108,4.4,-6,16.8
Apr-68,108,12.6,3.1,23.9
May-68,108,17.2,9.6,28.2
Jun-68,108,21,10.6,31.9
Jul-68,108,24.7,18.3,34.2
Aug-68,108,24.9,15.5,34
Sep-68,108,20.9,8.7,31.4
Oct-68,108,13,3.3,27.4
Nov-68,108,7.6,-6.7,20.6
Dec-68,108,3.1,-11,17.7
Jan-69,108,-3.5,-15.2,10.7
Feb-69,108,-2.7,-15.9,10.7
Mar-69,108,2.9,-8.1,20.4
Apr-69,108,10.6,-0.2,23.3
May-69,108,16.4,6.2,26.4
Jun-69,108,20,11.9,32.3
Jul-69,108,24,16,32.3
Aug-69,108,24.8,18.5,32.9
Sep-69,108,20.8,12.9,30
Oct-69,108,13.9,3.2,24.4
Nov-69,108,5,-5.6,17.8
Dec-69,108,-2,-14.9,13.6
Jan-70,108,-4.8,-20.2,8.9
Feb-70,108,-0.2,-10.8,12
Mar-70,108,0.4,-7.3,16
Apr-70,108,12.2,0.8,26
May-70,108,18.7,10,29.8
Jun-70,108,20.5,13.4,30
Jul-70,108,23,15.2,32.2
Aug-70,108,25.9,20.1,35
Sep-70,108,21.2,7.9,31.2
Oct-70,108,14.9,0.5,25.6
Nov-70,108,5.7,-11.9,18.2
Dec-70,108,-1,-11.2,11.6
Jan-71,108,-2.4,-16.1,9.2
Feb-71,108,-0.7,-12.4,13.2
Mar-71,108,2,-11.6,20.2
Apr-71,108,11.2,0.6,24.1
May-71,108,16.6,7,31.2
Jun-71,108,21.6,13,30.4
Jul-71,108,23.9,18.6,32
Aug-71,108,24.6,15.9,33.2
Sep-71,108,20.6,9.7,29.6
Oct-71,108,13,2.5,24.1
Nov-71,108,8.7,-8.8,21.3
Dec-71,108,-1.2,-10,11.5
Jan-72,108,0.8,-9.1,13
Feb-72,108,-0.6,-9.6,8.4
Mar-72,108,5.3,-7.7,18
Apr-72,108,11.5,-4.3,23.5
May-72,108,16.4,6.4,26.2
Jun-72,108,21.7,13.7,30.7
Jul-72,108,25.7,17.5,35.6
Aug-72,108,23.1,15.8,32.1
Sep-72,108,19,9.5,27.2
Oct-72,108,13.8,0.5,26
Nov-72,108,5.2,-8.1,18.7
Dec-72,108,0.6,-12,12
Jan-73,108,0.4,-11.3,11.3
Feb-73,108,0.6,-9.4,14.4
Mar-73,108,4.5,-5.3,20.8
Apr-73,108,12.4,0.9,27.7
May-73,108,17.4,9.5,27.8
Jun-73,108,21.4,12.9,30.8
Jul-73,108,26.8,19.7,34.5
Aug-73,108,25.9,21.2,35.2
Sep-73,108,20.3,8.3,28.6
Oct-73,108,13,2.2,24.9
Nov-73,108,4.7,-7.1,16.9
Dec-73,108,-3,-17.4,10.8
Jan-74,108,-2.4,-15.5,9.3
Feb-74,108,-2.1,-14,9.9
Mar-74,108,3.7,-8,19.5
Apr-74,108,10.7,0.8,23.1
May-74,108,16.7,7,29.3
Jun-74,108,19.7,9.7,31.1
Jul-74,108,23.5,18.2,30.7
Aug-74,108,25.1,15.7,33.9
Sep-74,108,20.6,11.2,29.9
Oct-74,108,12.6,0,23.2
Nov-74,108,5.4,-4.8,20.3
Dec-74,108,-0.5,-10.2,10.3
Jan-75,108,-2.7,-11.8,7
Feb-75,108,-0.8,-9.7,10.6
Mar-75,108,4.4,-5,15.8
Apr-75,108,13.3,1.2,29
May-75,108,16.7,7.8,27.7
Jun-75,108,21.4,13.2,32.4
Jul-75,108,24.9,18.4,33.4
Aug-75,108,27,20.4,35.3
Sep-75,108,22.6,13.6,31.5
Oct-75,108,15.4,5.4,25.6
Nov-75,108,9,-6.4,20.7
Dec-75,108,-1.6,-10.8,14.8
Jan-76,108,-3.8,-16.3,8.5
Feb-76,108,2.8,-6.4,14.5
Mar-76,108,4.8,-6.6,15.2
Apr-76,108,11.3,0.1,25
May-76,108,16.7,5.5,32.2
Jun-76,108,21.3,13.7,34.8
Jul-76,108,23.1,12.9,33.5
Aug-76,108,23.7,16.4,32
Sep-76,108,19.9,11,30.2
Oct-76,108,13.7,-1.5,25.1
Nov-76,108,3.5,-6.3,19.4
Dec-76,108,0.4,-18.5,12.2
Jan-77,108,-6.7,-15.8,4.2
Feb-77,108,-2.4,-16.8,15
Mar-77,108,5.4,-11.5,22
Apr-77,108,12.5,2.4,26.7
May-77,108,17.4,6.8,29.3
Jun-77,108,22.5,13.7,34.6
Jul-77,108,26,18.3,35
Aug-77,108,24.6,17.1,33.3
Sep-77,108,21.5,8.8,31.1
Oct-77,108,16.7,5.6,28.8
Nov-77,108,7.6,-4.3,20.2
Dec-77,108,2.4,-9.4,13.7
Jan-78,108,-2.4,-13.3,7.4
Feb-78,108,-2.5,-16,11
Mar-78,108,4.2,-8.2,17.4
Apr-78,108,11.5,0.4,25
May-78,108,18.5,7.2,29.8
Jun-78,108,21.9,12.5,30.7
Jul-78,108,26.4,18.2,36.1
Aug-78,108,25.8,19.2,34.4
Sep-78,108,20.9,13.4,30.6
Oct-78,108,14.5,4.2,29.2
Nov-78,108,7.9,-5,18.2
Dec-78,108,1.6,-10.7,14.6
Jan-79,108,0.9,-10.9,13.4
Feb-79,108,0.6,-13,17.4
Mar-79,108,6,-4.1,18.4
Apr-79,108,11.2,0.4,23.8
May-79,108,16.5,8,29.1
Jun-79,108,21.4,14.4,28.9
Jul-79,108,24.3,17.5,32.2
Aug-79,108,25.4,16.2,32.6
Sep-79,108,20.1,8.9,29.7
Oct-79,108,15.9,2.9,26.3
Nov-79,108,5.7,-11.1,23.5
Dec-79,108,1.4,-10.7,11.7
Jan-80,108,-3.7,-15.9,8.9
Feb-80,108,-3.1,-14.5,12
Mar-80,108,5.2,-2.6,18.1
Apr-80,108,10.1,1.4,21
May-80,108,16.5,7.5,31.7
Jun-80,108,21.6,12.1,31.6
Jul-80,108,22.7,16.9,30.3
Aug-80,108,22.8,17.2,30.6
Sep-80,108,19.6,8.1,29
Oct-80,108,13,0,25.6
Nov-80,108,8.6,-1.7,19.8
Dec-80,108,-3.8,-16.2,12
Jan-81,108,-7,-16.5,1.3
Feb-81,108,-1.4,-15.6,11.7
Mar-81,108,5.7,-5.1,21.7
Apr-81,108,11.9,1.7,25.3
May-81,108,15.9,5.4,28.5
Jun-81,108,21.8,8.8,30.7
Jul-81,108,25.4,19.2,35.2
Aug-81,108,24.5,17.2,33
Sep-81,108,20,11.6,29
Oct-81,108,13.4,0.6,23.3
Nov-81,108,3.6,-7,13.6
Dec-81,108,0.1,-11,10.2
Jan-82,108,-3.5,-14.1,6.8
Feb-82,108,0.6,-11.8,12.3
Mar-82,108,5.9,-5.3,17
Apr-82,108,12.3,3.1,27.5
May-82,108,17.9,8,28.9
Jun-82,108,21.9,11.7,30.6
Jul-82,108,25.1,18.3,33.7
Aug-82,108,25.4,18.3,35.5
Sep-82,108,20.8,9.9,30.9
Oct-82,108,15.8,-1.1,28.2
Nov-82,108,7.9,-7.1,21.4
Dec-82,108,-0.1,-9.8,10.6
Jan-83,108,-1.7,-13.9,9.2
Feb-83,108,-1.7,-13.3,10.3
Mar-83,108,6.4,-3.6,18.9
Apr-83,108,13.6,0.8,26.7
May-83,108,18.5,7.3,29.9
Jun-83,108,22.2,13.4,32.6
Jul-83,108,23.6,18.4,30.9
Aug-83,108,26,17.8,34.3
Sep-83,108,22,11.9,31.5
Oct-83,108,14.2,2,23.7
Nov-83,108,6.7,-6,18.5
Dec-83,108,-1.1,-13.5,11.7
Jan-84,108,-5.9,-13.6,4.1
Feb-84,108,-3.5,-15.1,8
Mar-84,108,2.5,-6.5,14.2
Apr-84,108,12.1,0.1,23
May-84,108,18.2,7.7,28.1
Jun-84,108,22.6,14.7,34.2
Jul-84,108,25.2,19.2,34.7
Aug-84,108,26.3,18.9,35.2
Sep-84,108,20.1,10.1,28.7
Oct-84,108,13.8,1.2,25.7
Nov-84,108,8.1,-5.7,21.2
Dec-84,108,-0.9,-12.8,14.5
Jan-85,108,-5.9,-16.7,3.5
Feb-85,108,-0.3,-11,10.8
Mar-85,108,4.3,-8.2,19
Apr-85,108,11.6,0,24.8
May-85,108,18.1,9,29.6
Jun-85,108,22.1,14.2,31.9
Jul-85,108,25.3,18.7,35.4
Aug-85,108,26.3,18.5,34.3
Sep-85,108,20.2,10.1,30.1
Oct-85,108,14.7,4.4,25.7
Nov-85,108,5.6,-4.6,18.8
Dec-85,108,-3.4,-13.6,8.2
Jan-86,108,-5.4,-19.2,7.1
Feb-86,108,-3.3,-12.7,5.2
Mar-86,108,4.9,-5.4,18.6
Apr-86,108,11.9,1.6,24.3
May-86,108,17.1,8.5,27.5
Jun-86,108,21.9,13.8,32.4
Jul-86,108,23.5,15.4,31.7
Aug-86,108,24.5,18.2,32.8
Sep-86,108,19.9,10.2,31
Oct-86,108,12.7,-0.5,23.9
Nov-86,108,5.2,-5.7,16.2
Dec-86,108,1.9,-9.7,13.2
Jan-87,108,-3,-15.1,8.9
Feb-87,108,-0.1,-10.6,12.8
Mar-87,108,4,-7.6,17.5
Apr-87,108,10.8,0.4,24.7
May-87,108,17,5.8,29
Jun-87,108,22.4,12,31.6
Jul-87,108,23.7,18.3,31.2
Aug-87,108,24.4,18.4,31.6
Sep-87,108,20.1,6.3,28.6
Oct-87,108,15.5,2.6,27.3
Nov-87,108,7.5,-9.2,19
Dec-87,108,0.9,-10.6,11.8
Jan-88,108,-2.1,-12.1,10.1
Feb-88,108,-1.5,-12.9,12.2
Mar-88,108,4.3,-6.8,16.1
Apr-88,108,11.3,3.2,23.8
May-88,108,17.9,9.1,31.7
Jun-88,108,22.3,13.9,32.8
Jul-88,108,24.4,19,31.6
Aug-88,108,26.4,18.4,36.6
Sep-88,108,21.4,11,30.8
Oct-88,108,15,2.2,25.6
Nov-88,108,5.5,-5.6,17.9
Dec-88,108,0.1,-12.2,13.9
Jan-89,108,0.8,-11.2,11.2
Feb-89,108,2.4,-8.2,15.4
Mar-89,108,6.1,-5,16.1
Apr-89,108,14.3,3.7,29.4
May-89,108,17.9,8.4,29.6
Jun-89,108,21.2,12.8,31.9
Jul-89,108,24.5,17.3,33.3
Aug-89,108,25.5,17.4,35.3
Sep-89,108,20.7,10.3,29.5
Oct-89,108,13.6,1.9,23.7
Nov-89,108,7.1,-6.3,17.4
Dec-89,108,1.4,-8.7,14.7
Jan-90,108,-3.2,-17.1,7.8
Feb-90,108,2.7,-5.2,12.9
Mar-90,108,7.2,-1.3,18.8
Apr-90,108,11.3,1.6,26.3
May-90,108,16.2,7.2,27.1
Jun-90,108,20.7,13.4,29.4
Jul-90,108,24.9,16.7,34.2
Aug-90,108,26.4,18.5,35.5
Sep-90,108,21.1,10.2,31.1
Oct-90,108,15.4,6.1,27.1
Nov-90,108,10,-4.9,21.9
Dec-90,108,0.8,-12.9,13.8
Jan-91,108,-2.6,-12.9,9.7
Feb-91,108,-0.9,-15,12
Mar-91,108,4.9,-6,18.9
Apr-91,108,13,-3.4,25.6
May-91,108,17.5,7.4,31.1
Jun-91,108,22.6,15.2,31.8
Jul-91,108,24.3,18,32
Aug-91,108,25.5,15.7,34.7
Sep-91,108,21.1,10.1,31
Oct-91,108,13.8,4.1,25.8
Nov-91,108,6.5,-4,17.6
Dec-91,108,2.2,-11.1,12.9
Jan-92,108,-0.2,-9.1,7.6
Feb-92,108,0.7,-7.8,15.9
Mar-92,108,7.6,-1.5,20.2
Apr-92,108,12,1.5,24.3
May-92,108,16.4,7.1,29.9
Jun-92,108,20.9,10.8,29.8
Jul-92,108,24.8,19.1,32.4
Aug-92,108,24.8,18.4,32.8
Sep-92,108,20.9,9.3,30.9
Oct-92,108,14,4,25.1
Nov-92,108,6.2,-9,17.2
Dec-92,108,1.5,-9.7,13.3
Jan-93,108,-1.9,-11.1,8.4
Feb-93,108,1,-8.6,14.2
Mar-93,108,5.8,-6.2,16.6
Apr-93,108,10.6,-0.3,23.5
May-93,108,18.2,9.4,31.9
Jun-93,108,21.3,13.4,29.2
Jul-93,108,23.3,16.2,31.1
Aug-93,108,23.2,16.3,30.6
Sep-93,108,21.2,10.8,30.5
Oct-93,108,13.4,0.6,25
Nov-93,108,8.5,-9,20.9
Dec-93,108,-0.2,-11.2,10
Jan-94,108,-0.9,-12.3,10
Feb-94,108,0.8,-10.8,11.4
Mar-94,108,4,-5.5,18.6
Apr-94,108,15.2,5.7,28.9
May-94,108,17.9,8.3,28
Jun-94,108,22.8,13.4,34.7
Jul-94,108,28.5,21.3,38.4
Aug-94,108,27.6,19,37
Sep-94,108,21,12.1,32
Oct-94,108,15.2,3.2,25.9
Nov-94,108,9.3,-2.2,19.8
Dec-94,108,1.1,-12.6,12.4
Jan-95,108,-2.1,-11.1,10.3
Feb-95,108,1.2,-7.9,9.9
Mar-95,108,6,-3.6,17.1
Apr-95,108,11.3,-0.4,25.2
May-95,108,17.1,6.3,29
Jun-95,108,21.6,12.1,29.6
Jul-95,108,24.5,17.7,33.6
Aug-95,108,26,18.8,33.7
Sep-95,108,20,10.7,28.4
Oct-95,108,15.5,4.2,25.6
Nov-95,108,6.2,-4.3,18.6
Dec-95,108,-1,-10.3,6.9
Jan-96,108,-2.2,-10.7,9.8
Feb-96,108,-1.6,-13.8,14
Mar-96,108,4.9,-3.8,17.5
Apr-96,108,10.2,-0.9,23.3
May-96,108,18.4,9.8,31.4
Jun-96,108,22.3,15.1,32.7
Jul-96,108,24.4,16.6,34.6
Aug-96,108,26,17.6,35.4
Sep-96,108,22,11.6,30.9
Oct-96,108,14.5,-0.4,23.8
Nov-96,108,6.1,-8,18.8
Dec-96,108,1.6,-10.5,12.7
Jan-97,108,-3.3,-13.7,8
Feb-97,108,0.7,-8.1,15.1
Mar-97,108,6.8,-4.3,20.2
Apr-97,108,13,2.7,22.3
May-97,108,17,8.8,27.9
Jun-97,108,23.4,12.4,35
Jul-97,108,26.1,18.1,36.1
Aug-97,108,26.8,19.6,34.1
Sep-97,108,20.2,10.3,31.9
Oct-97,108,13.4,-2,26.3
Nov-97,108,8.8,-3.2,20.2
Dec-97,108,1.8,-11.3,12.8
Jan-98,108,-1.3,-15.4,8.2
Feb-98,108,3.4,-7.7,15
Mar-98,108,7.3,-3.2,19.1
Apr-98,108,15.6,1.9,26.3
May-98,108,19,10.4,31.4
Jun-98,108,21.9,13.2,31.8
Jul-98,108,24.9,19.5,32.2
Aug-98,108,25,17.4,32
Sep-98,108,23,15.4,32.8
Oct-98,108,17,4.9,26.5
Nov-98,108,7.3,-6.8,20.5
Dec-98,108,2.3,-8.1,12.9
Jan-99,108,-0.8,-12.2,12.4
Feb-99,108,0.7,-12.3,10.2
Mar-99,108,6.7,-6.2,18.8
Apr-99,108,13.9,1.6,28.2
May-99,108,17.5,10.2,28.1
Jun-99,108,23.1,15.8,33.6
Jul-99,108,25.9,18.2,34.9
Aug-99,108,26,19.5,35.4
Sep-99,108,22.9,12.8,32
Oct-99,108,14.3,1.5,24
Nov-99,108,7.9,-6.1,18.6
Dec-99,108,0.4,-11.5,12
Jan-00,108,-2.1,-12.1,9.9
Feb-00,108,-1.7,-11.6,7.5
Mar-00,108,6.3,-4.8,18.9
Apr-00,108,11.9,1.8,23.5
May-00,108,17.5,7.9,30.5
Jun-00,108,23.7,14.6,33.9
Jul-00,108,26.8,19.9,34.2
Aug-00,108,26.2,19,35.1
Sep-00,108,20.7,11.9,31
Oct-00,108,14.9,3.5,26.5
Nov-00,108,7,-3.8,20.3
Dec-00,108,0.9,-11.4,11.9
Jan-01,108,-4.1,-18.6,6.8
Feb-01,108,-0.3,-10.4,12.2
Mar-01,108,5,-6.1,21
Apr-01,108,13.6,2.1,28.2
May-01,108,19.1,10.4,31.5
Jun-01,108,22.5,15.6,32.7
Jul-01,108,25.9,20.3,32.8
Aug-01,108,26.5,19.4,35.3
Sep-01,108,22.5,11,31.7
Oct-01,108,16.5,8.8,25.3
Nov-01,108,7,-3.1,16
Dec-01,108,-0.6,-8.8,10.9
Jan-02,108,0.3,-12,13.5
Feb-02,108,2.9,-5.1,12.6
Mar-02,108,7.6,-2.9,19.4
Apr-02,108,13.6,4.3,27.7
May-02,108,18.2,10,27.7
Jun-02,108,22.2,14.5,32
Jul-02,108,25.2,18.9,34.8
Aug-02,108,24.2,17.9,32.2
Sep-02,108,21.6,13.5,30.6
Oct-02,108,12.8,-0.3,24.9
Nov-02,108,4,-4.8,16.7
Dec-02,108,1.7,-9.1,15.9
Jan-03,108,-2.5,-15.5,8.7
Feb-03,108,2.7,-8.3,11.9
Mar-03,108,6.5,-5,20.9
Apr-03,108,13.2,4.8,24.6
May-03,108,19.6,8.5,30.4
Jun-03,108,21.5,14.4,31.1
Jul-03,108,23.8,18.3,31.4
Aug-03,108,24.1,16.6,32.2
Sep-03,108,20.9,13.8,28.7
Oct-03,108,13.9,2.7,26
Nov-03,108,9.5,-3.2,21.3
Dec-03,108,0.7,-8.1,12
Jan-04,108,-1.5,-16.7,8.1
Feb-04,108,2.3,-7.8,18.7
Mar-04,108,6.3,-5.6,18.7
Apr-04,108,13.1,2.7,27.3
May-04,108,17.6,8.8,27.6
Jun-04,108,23.2,14.6,32.5
Jul-04,108,24.8,19.5,34.5
Aug-04,108,26.1,18.7,36.2
Sep-04,108,21.7,12.8,31.3
Oct-04,108,15.2,5.3,25.6
Nov-04,108,9.1,0.2,21.5
Dec-04,108,1.9,-8.3,16.2
Jan-05,108,-2.5,-11,7.3
Feb-05,108,-1.9,-13.1,10.5
Mar-05,108,4.1,-6.5,17.6
Apr-05,108,13.2,4.1,29.8
May-05,108,17.7,6.3,30.2
Jun-05,108,22.7,15.5,32
Jul-05,108,25.3,18.3,34.2
Aug-05,108,25.1,16.5,35
Sep-05,108,21.8,13.8,30.8
Oct-05,108,14.7,3,24.9
Nov-05,108,8.6,-1.1,21.8
Dec-05,108,-3.9,-14,11.1
Jan-06,108,-0.2,-10.1,9.3
Feb-06,108,0.1,-14.1,11.5
Mar-06,108,5.2,-6.9,17.2
Apr-06,108,11.6,2.9,22.2
May-06,108,18.4,10.8,28.3
Jun-06,108,21.8,14.1,32.4
Jul-06,108,23.1,17.5,30.1
Aug-06,108,27,20.8,34.7
Sep-06,108,21.1,11.3,30.3
Oct-06,108,17.9,7.9,27.5
Nov-06,108,8.4,-1.3,20.2
Dec-06,108,1.4,-12.3,12.6
Jan-07,108,0.4,-7.6,11.8
Feb-07,108,4,-8.6,14.8
Mar-07,108,6.1,-7.6,16.2
Apr-07,108,11.4,1.6,22.5
May-07,108,18.1,9,30.1
Jun-07,108,23.2,14.1,33.2
Jul-07,108,24.2,17.7,31.2
Aug-07,108,26.5,19.8,33.2
Sep-07,108,21.5,14.1,31.1
Oct-07,108,15.1,3.2,26.2
Nov-07,108,6.7,-5.5,19.3
Dec-07,108,1.8,-7.4,13.8
Jan-08,108,-1.7,-11.1,7.3
Feb-08,108,-1.2,-10.1,10.5
Mar-08,108,7.3,-1.7,19.8
Apr-08,108,14.1,3.8,28
May-08,108,17.7,8.1,28.5
Jun-08,108,21.5,13.7,29.6
Jul-08,108,25.1,20.2,32.9
Aug-08,108,25.3,16.3,35.4
Sep-08,108,22,10.3,32
Oct-08,108,16.1,5.6,28.3
Nov-08,108,7.6,-7.2,18.4
Dec-08,108,1.1,-13.1,13.3
Jan-09,108,-2,-11.4,12.2
Feb-09,108,2.9,-8.6,16.1
Mar-09,108,6,-3.3,22.2
Apr-09,108,12.7,2.2,25.8
May-09,108,19.1,9.8,31
Jun-09,108,22.4,14.3,32.4
Jul-09,108,24.3,18.7,32.4
Aug-09,108,25.7,16.4,34.4
Sep-09,108,21.8,14.4,29.9
Oct-09,108,16,6.2,26.4
Nov-09,108,6.9,-4.3,21.8
Dec-09,108,-1,-12.9,10.1
Jan-10,108,-4.5,-15.3,8.4
Feb-10,108,1.4,-10.8,17.9
Mar-10,108,4.3,-4,14.2
Apr-10,108,9.5,1.1,20.7
May-10,108,17.2,5.8,28.6
Jun-10,108,23.4,12.1,32.7
Jul-10,108,25.8,21,32.3
Aug-10,108,26.5,19.9,33.8
Sep-10,108,21.8,8.4,31.4
Oct-10,108,14.5,0.7,24.2
Nov-10,108,6.5,-5.2,17.4
Dec-10,108,-1.3,-15.1,13.5
Jan-11,108,-7.2,-17.8,0.3
Feb-11,108,1.2,-9.2,13.2
Mar-11,108,3.6,-5.5,16.8
Apr-11,108,10.7,4.3,19
May-11,108,17.9,8.5,31.2
Jun-11,108,22,14.4,32.9
Jul-11,108,24.6,18.9,34.1
Aug-11,108,25.8,18.1,34.1
Sep-11,108,21.8,10.3,32.4
Oct-11,108,14.2,3.1,23.4
Nov-11,108,10.7,-5.5,25.9
Dec-11,108,-0.9,-10.6,9.1
Jan-12,108,-2.8,-12.2,8.4
Feb-12,108,-2,-17.1,12.1
Mar-12,108,5.1,-5.7,16.2
Apr-12,108,12.3,0.6,29.4
May-12,108,19.7,12,29.3
Jun-12,108,24.1,16.3,33.5
Jul-12,108,25.4,18.5,33.2
Aug-12,108,27.1,18.7,36.7
Sep-12,108,21,12,29.5
Oct-12,108,15.3,2.8,26
Nov-12,108,5.5,-3,15.7
Dec-12,108,-4.1,-14.5,8.3
Jan-13,108,-3.4,-16.4,11.5
Feb-13,108,-1.2,-15.8,13.9
Mar-13,108,5.1,-4.4,23.8
Apr-13,108,10,1.3,21.6
May-13,108,18.2,7.9,31.8
Jun-13,108,24.4,16.3,32.6
Jul-13,108,25.5,20.5,31.3
Aug-13,108,27.7,21.1,33.9
Sep-13,108,21.8,10.9,31.1
Oct-13,108,15.8,4.3,28.1
Nov-13,108,6.2,-6.4,20.7
Dec-13,108,-0.2,-9.8,11
Jan-14,108,-0.7,-10.5,8.2
Feb-14,108,1.9,-10.5,16.4
Mar-14,108,7.9,-4.6,23.8
Apr-14,108,14,2.3,26.2
May-14,108,18.9,6.8,33.3
Jun-14,108,23.1,17.3,31.1
Jul-14,108,26.1,19.1,34.4
Aug-14,108,25.2,18.3,35.8
Sep-14,108,22.1,14.9,31.3
Oct-14,108,15.6,2.7,29
Nov-14,108,9,-3.1,22.9
Dec-14,108,-2.9,-13.2,7.9
Jan-15,108,-0.9,-9.8,9
Feb-15,108,1,-13,13
Mar-15,108,6.3,-6.9,21.9
Apr-15,108,13.3,3.5,28.3
May-15,108,18.9,8.3,32.2
Jun-15,108,23.6,15.6,34.9
Jul-15,108,25.8,18.2,36
Aug-15,108,26.3,18.9,34.4
Sep-15,108,22.4,14.2,31
Oct-15,108,15.5,1.1,26.6
Nov-15,108,8.9,-7.3,21
Dec-15,108,1.6,-9.5,12.2
Jan-16,108,-3.2,-18,9.5
Feb-16,108,0.2,-10,14.4
Mar-16,108,7,-7.5,21.4
Apr-16,108,14.1,5.1,29.6
May-16,108,19.6,8.9,31.9
Jun-16,108,23.6,17.1,32.2
Jul-16,108,26.2,19.8,34.1
Aug-16,108,28,16.1,36.6
Sep-16,108,23.1,14.3,31.1
Oct-16,108,16.1,0.7,29
Nov-16,108,6.8,-6.2,18.6
Dec-16,108,1.2,-9.8,13.6
Jan-17,108,-1.8,-12.6,11.4
Feb-17,108,-0.2,-9.3,12.3
Mar-17,108,6.3,-5.3,18.9
Apr-17,108,13.9,3.1,27.8
May-17,108,19.5,10,30.3
Jun-17,108,23.3,14.5,34.1
Jul-17,108,26.9,21.9,35.4
Aug-17,108,25.9,16.1,35.3
Sep-17,108,22.1,11.2,31.4
Oct-17,108,16.4,2.5,29.4
Nov-17,108,5.6,-6.6,18.4
Dec-17,108,-1.9,-12.3,8.7
Jan-18,108,-4,-17.8,8.7
Feb-18,108,-1.6,-13.4,10.4
Mar-18,108,8.1,-6.7,22.1
Apr-18,108,13,0.1,26.3
May-18,108,18.2,6.9,29.6
Jun-18,108,23.1,16.3,32.9
Jul-18,108,27.8,17.7,38.3
Aug-18,108,28.8,20.2,39.6
Sep-18,108,21.5,10.8,30.9
Oct-18,108,13.1,0.7,25.6
Nov-18,108,7.8,-3.1,19.4
Dec-18,108,-0.6,-14.4,13.5
Jan-19,108,-0.9,-10.1,8.5
Feb-19,108,1,-10.2,14.5
Mar-19,108,7.1,-1.7,17.6
Apr-19,108,12.1,0.3,28.2
May-19,108,19.4,8.4,33.4
Jun-19,108,22.5,14.1,32.8
Jul-19,108,25.9,19.3,36.1
Aug-19,108,27.2,18.5,36.8
Sep-19,108,22.6,13.6,30.5
Oct-19,108,16.4,4.7,28.2
Nov-19,108,7.6,-4.6,22.1
Dec-19,108,1.4,-10.9,12.9
Jan-20,108,1.6,-6.5,11.9
Feb-20,108,2.5,-11.8,15.6
Mar-20,108,7.7,-2.8,20.6
Apr-20,108,11.1,1.9,23.8
May-20,108,18,9.2,30
Jun-20,108,23.9,14.8,35.4
Jul-20,108,24.1,17.2,32.9
Aug-20,108,26.5,21.5,34.5
Sep-20,108,21.4,13.6,29.5
Oct-20,108,14.3,3.2,23.6
Nov-20,108,8,-3.6,20
Dec-20,108,-0.3,-12.9,11.4
Jan-21,108,-2.4,-18.6,13.9
Feb-21,108,2.7,-10.6,17.4
Mar-21,108,9,-1.2,22.9
Apr-21,108,14.2,3.1,28.2
May-21,108,17.1,7.3,30.8
Jun-21,108,22.8,13.3,31.6
Jul-21,108,28.1,19.6,36.5
Aug-21,108,25.9,18.1,33.7
Sep-21,108,22.6,16,30.3
Oct-21,108,15.6,1.3,28.8
Nov-21,108,8.2,-3.7,21.3
Dec-21,108,0.6,-15.5,13.3
Jan-22,108,-2.2,-11.3,8.4
Feb-22,108,-1.1,-10.7,11.5
Mar-22,108,7.7,-3,19.5
Apr-22,108,14.8,3.5,28.7
May-22,108,19.1,7.9,30.7
Jun-22,108,23.3,14.9,32.7
Jul-22,108,27.3,20.8,36.1
Aug-22,108,25.7,16.1,32.9
Sep-22,108,22.4,12.3,32.5
Oct-22,108,,14.1,27.6
